20110817_013.jpg,2560,1440
20110817_030.jpg,2560,1440
20110817_040.jpg,2560,1440
20110817_048.jpg,2560,1440
20110817_066.jpg,1920,1080
20110817_089.jpg,2560,1440
20110817_096.jpg,2560,1440
20110817_106.jpg,2560,1440
20110817_175.jpg,2560,1440
20110817_177.jpg,2560,1440
20110817_201.jpg,2560,1440
20110817_206.jpg,2560,1440
20110817_211.jpg,2560,1440
20110817_299.jpg,2560,1440
20110817_317.jpg,2560,1440
20110817_326.jpg,2560,1440
20110817_355.jpg,2560,1440
20110817_376.jpg,2560,1440
20110817_401.jpg,2560,1440
img1.jpg,2560,1920
IMG_20120226_145048.jpg,1920,1080
IMG_20120226_151917.jpg,1080,1920
IMG_20120226_151933.jpg,1920,1080
IMG_20120226_155947.jpg,1080,1920
IMG_20120226_161556.jpg,2560,1920
IMG_20120226_161648.jpg,1920,1080
IMG_20120226_162222.jpg,2560,1920
IMG_20120226_164440.jpg,2560,1920
IMG_20120226_164453.jpg,2560,1920
IMG_20120226_165359.jpg,768,1024
IMG_20120226_165408.jpg,1024,768
IMG_20120226_165417.jpg,1024,768
img2.jpg,2560,1920
mob_multi_IMG_20120226_161648.jpg,2560,1920
more_medium_IMG_2756.jpg,4752,3168
